{
    "a": 149598040.62870026,
    "e": 0.016711154825554644,
    "i": 0.003247438249052797,
    "cap_ohm": 174.27915895416422,
    "low_ohm": 288.75436262652084,
    "f": 275.78314844319675
}{
    "a": 227955179.18302792,
    "e": 0.09337009695313042,
    "i": 1.847697992736557,
    "cap_ohm": 49.48966992723476,
    "low_ohm": 286.7228091459178,
    "f": 92.6998677606396
}{
    "a": 245728733.74892685,
    "e": 0.38324903699028057,
    "i": 3.4141764052571384,
    "cap_ohm": 72.98600535432557,
    "low_ohm": 319.60257035514235,
    "f": 309.4359076025695
}