,Position,x,y
0,L1,0.999999834620278,0
1,L2,1.00000016537974,0
2,L3,-1.00000000000000,0
3,L4,0.5,0.8660254037844386
4,L5,0.5,-0.8660254037844386
